,Agent Name,KD,Kills,Deaths,Assists,Win Rate,Pick Rate,ACS,First Blood,Num Matches,Date,Agent Type
0,Jett,1.14,17.6,15.4,4,50.20%,15.60%,248,18.10%,"32,946",21/07/2021,Duelist
1,Reyna,1.17,18.1,15.5,4.2,52%,15.50%,256,16.40%,"32,844",21/07/2021,Duelist
2,Sage,0.96,13.9,14.5,4.6,52.10%,12.40%,195,12%,"26,316",21/07/2021,Sentinel
3,Omen,0.93,14,15.1,5.1,48.70%,9.10%,199,12.40%,"19,176",21/07/2021,Controller
4,Raze,1.05,16.2,15.4,4.9,50.30%,8.30%,241,15.70%,"17,646",21/07/2021,Duelist
5,Killjoy,1.01,14,13.8,4,50.90%,7%,206,9.70%,"14,841",21/07/2021,Sentinel
6,Sova,0.96,14,14.6,5.6,46.40%,6.40%,203,9.90%,"13,617",21/07/2021,Initiator
7,Viper,1,14.6,14.7,5.6,49.80%,5.20%,206,10.60%,"11,067",21/07/2021,Controller
8,Phoenix,1.09,16.5,15.2,4,49%,4.80%,237,15.70%,"10,098",21/07/2021,Duelist
9,Brimstone,1.01,14.9,14.9,6.6,45.80%,3.70%,215,11.60%,"7,905",21/07/2021,Controller
10,Cypher,0.99,14.1,14.3,4.3,47.30%,3.60%,197,8.80%,"7,650",21/07/2021,Sentinel
11,Skye,0.97,14.2,14.7,3.9,45.90%,2.60%,204,13.80%,"5,559",21/07/2021,Initiator
12,Yoru,0.91,14.7,16.1,3.7,42.20%,2.20%,203,14.30%,"4,590",21/07/2021,Duelist
13,Breach,0.94,14.5,15.4,5.4,47.70%,2.10%,208,12.80%,"4,386",21/07/2021,Initiator
14,Astra,0.99,14.9,15.1,4.8,33.90%,1.40%,211,9.70%,"3,009",21/07/2021,Controller
0,Reyna,1.2,18.2,15.2,4.1,50.80%,16.40%,260,16.40%,"24,072",28/07/2021,Duelist
1,Jett,1.17,18,15.4,3.8,51.60%,15.50%,256,18.70%,"22,746",28/07/2021,Duelist
2,Sage,0.98,14.3,14.6,4.7,53.20%,12.80%,196,11.30%,"18,870",28/07/2021,Sentinel
3,Omen,0.97,14.4,14.8,5.1,48.60%,8.50%,203,12.30%,"12,495",28/07/2021,Controller
4,Raze,1.03,15.9,15.4,5.2,54.90%,7.10%,236,16.40%,"10,506",28/07/2021,Duelist
5,Sova,1,14.1,14,5.8,48.50%,7.10%,204,9.80%,"10,404",28/07/2021,Initiator
6,Killjoy,1.02,13.8,13.5,3.8,52.90%,6.50%,206,10.50%,"9,537",28/07/2021,Sentinel
7,Viper,1.07,15.1,14.1,5.4,54.30%,5.20%,213,10.90%,"7,701",28/07/2021,Controller
8,Phoenix,1.08,16.5,15.3,4.4,52%,4.30%,237,17.40%,"6,273",28/07/2021,Duelist
9,Cypher,0.96,14,14.6,4.5,45.10%,4.20%,200,10.60%,"6,222",28/07/2021,Sentinel
10,Brimstone,0.94,14.1,15,6.4,47.50%,4.10%,203,13.40%,"6,018",28/07/2021,Controller
11,Skye,0.98,14.6,15,3.8,50%,3.10%,205,13.10%,"4,488",28/07/2021,Initiator
12,Breach,0.87,13.9,15.9,5.1,46%,2.20%,197,14%,"3,213",28/07/2021,Initiator
13,Yoru,1.02,16.2,15.9,3.6,51.70%,2%,228,15.90%,"2,958",28/07/2021,Duelist
14,Astra,0.99,15,15.2,5.4,41.40%,1%,208,10.10%,"1,479",28/07/2021,Controller
0,Reyna,1.16,17.7,15.2,4.3,52.90%,15.10%,253,16.90%,"13,872",4/08/2021,Duelist
1,Jett,1.1,16.8,15.3,3.6,48.70%,14.80%,244,19%,"13,617",4/08/2021,Duelist
2,Sage,1,14.1,14.1,4.3,57.20%,13.90%,197,11.10%,"12,750",4/08/2021,Sentinel
3,Omen,0.95,14.5,15.2,5,46.80%,10.40%,201,12.60%,"9,588",4/08/2021,Controller
4,Raze,1.03,16.4,15.9,5.1,55%,7.80%,243,16.10%,"7,140",4/08/2021,Duelist
5,Sova,0.94,14.3,15.3,5.9,35.30%,6.40%,201,10.10%,"5,916",4/08/2021,Initiator
6,Killjoy,0.97,13.4,13.9,4.3,49%,5.60%,201,9.50%,"5,100",4/08/2021,Sentinel
7,Cypher,1.02,14.8,14.5,4.1,53.50%,4.80%,202,10.60%,"4,386",4/08/2021,Sentinel
8,Brimstone,0.96,14.3,15,6.5,48.10%,4.50%,203,9.50%,"4,131",4/08/2021,Controller
9,Phoenix,0.91,14.2,15.6,4,34.70%,4.20%,215,17.50%,"3,825",4/08/2021,Duelist
10,Viper,0.98,14.5,14.8,5.1,43.10%,4%,204,12.60%,"3,672",4/08/2021,Controller
11,Skye,0.94,14.3,15.1,3.9,39.70%,3.20%,200,12.90%,"2,958",4/08/2021,Initiator
12,Yoru,1,15.8,15.7,3.4,28.90%,2.10%,215,13.40%,"1,938",4/08/2021,Duelist
13,Breach,0.84,13.2,15.6,5.9,38.70%,1.70%,194,16.70%,"1,581",4/08/2021,Initiator
14,Astra,1.06,15.6,14.7,4.8,51.90%,1.50%,208,11.60%,"1,377",4/08/2021,Controller
0,Jett,1.12,17.5,15.6,3.7,45.90%,16.40%,248,19.40%,"14,790",11/08/2021,Duelist
1,Reyna,1.14,17.8,15.6,4,46.50%,15.40%,252,15.70%,"13,821",11/08/2021,Duelist
2,Sage,1.01,14.1,14,4.4,56.50%,14.10%,198,12.40%,"12,648",11/08/2021,Sentinel
3,Omen,0.97,14.8,15.2,5.6,55.20%,8.20%,206,11.80%,"7,395",11/08/2021,Controller
4,Sova,0.95,13.9,14.7,6.3,55.90%,7.70%,200,9.70%,"6,936",11/08/2021,Initiator
5,Raze,1.06,16.3,15.3,4.9,54%,7.10%,247,16.20%,"6,426",11/08/2021,Duelist
6,Killjoy,0.98,13.7,14,3.8,54.50%,7%,198,9%,"6,273",11/08/2021,Sentinel
7,Viper,1.02,15.1,14.7,5.5,55.80%,4.40%,207,11.70%,"3,927",11/08/2021,Controller
8,Cypher,0.88,12.9,14.6,3.8,40.50%,4.20%,183,9.70%,"3,774",11/08/2021,Sentinel
9,Phoenix,1.04,15.9,15.3,3.8,43.80%,4.10%,235,16.10%,"3,723",11/08/2021,Duelist
10,Skye,0.99,15,15.1,4.1,55.10%,3.90%,205,11.70%,"3,519",11/08/2021,Initiator
11,Brimstone,0.97,14.6,15.1,6.8,50.90%,3.20%,200,13.10%,"2,907",11/08/2021,Controller
12,Breach,0.95,14.6,15.4,4.7,50%,1.60%,201,14.60%,"1,428",11/08/2021,Initiator
13,Yoru,0.91,14.6,16,3.3,20.80%,1.40%,205,18.20%,"1,224",11/08/2021,Duelist
14,Astra,0.97,15.1,15.6,5,45.80%,1.40%,198,9.40%,"1,224",11/08/2021,Controller
0,Reyna,1.17,17.6,15.1,4.1,49.70%,16%,252,16%,"9,333",18/08/2021,Duelist
1,Jett,1.17,17.4,14.9,3.7,58.90%,15.70%,247,19.80%,"9,180",18/08/2021,Duelist
2,Sage,1.05,15.4,14.7,4.8,56.90%,13.30%,207,11.70%,"7,803",18/08/2021,Sentinel
3,Sova,0.97,13.9,14.3,6,47.90%,8.40%,205,9.60%,"4,896",18/08/2021,Initiator
4,Raze,1.02,15.4,15.2,4.6,49.40%,7.60%,236,17.70%,"4,437",18/08/2021,Duelist
5,Omen,0.93,14.3,15.4,5.7,50.60%,7.60%,194,10.10%,"4,437",18/08/2021,Controller
6,Killjoy,1.01,14.7,14.6,4.4,52.10%,6.40%,203,9.10%,"3,723",18/08/2021,Sentinel
7,Cypher,0.9,14.2,15.7,4.5,42.40%,5.10%,182,8.90%,"3,009",18/08/2021,Sentinel
8,Viper,0.96,13.8,14.3,5.3,36.80%,5%,200,12.10%,"2,907",18/08/2021,Controller
9,Phoenix,1.05,16.9,16.1,4.8,52.30%,3.80%,245,17.20%,"2,244",18/08/2021,Duelist
10,Skye,1.05,14.6,13.8,4.2,62.20%,3.20%,201,11.90%,"1,887",18/08/2021,Initiator
11,Brimstone,0.84,13,15.5,7.6,44.40%,3.10%,188,10.50%,"1,836",18/08/2021,Controller
12,Breach,0.84,12.5,14.9,6.8,48%,2.20%,190,17.60%,"1,275",18/08/2021,Initiator
13,Astra,1.03,14.4,13.9,5.2,64.70%,1.50%,188,12.70%,867,18/08/2021,Controller
14,Yoru,0.9,15.4,17,4.2,30.80%,1.10%,213,16%,663,18/08/2021,Duelist
